{
  "checkpoint": "planarSplat_ExpRes/phase3b_prime/cprime_independent_photo_example/2026_03_11_14_06_52/checkpoints/Parameters/latest.pth",
  "iter": 5000,
  "plane_count": 2653,
  "n_views": 100,
  "psnr_mean": 14.999629253149033,
  "psnr_std": 1.4507481063160583,
  "psnr_per_view": [
    12.97602653503418,
    12.945934534072876,
    13.951718807220459,
    15.222176313400269,
    15.114299058914185,
    15.002665519714355,
    15.218472480773926,
    15.513954162597656,
    15.207961797714233,
    13.245489597320557,
    14.97177243232727,
    14.533010721206665,
    15.019322633743286,
    15.013766288757324,
    14.50547456741333,
    15.39434552192688,
    16.219348907470703,
    16.580322980880737,
    13.31999659538269,
    11.809689998626709,
    16.049842834472656,
    16.314070224761963,
    16.881226301193237,
    16.63026452064514,
    17.416791915893555,
    17.75882840156555,
    17.556908130645752,
    17.376314401626587,
    17.002710103988647,
    16.628060340881348,
    15.205628871917725,
    14.757566452026367,
    13.936058282852173,
    13.962095975875854,
    14.19170618057251,
    15.298446416854858,
    15.509471893310547,
    14.806827306747437,
    15.549837350845337,
    16.31759762763977,
    16.263681650161743,
    15.940884351730347,
    16.103456020355225,
    16.078122854232788,
    16.61327838897705,
    16.59981608390808,
    16.778056621551514,
    15.954219102859497,
    15.386310815811157,
    15.99176287651062,
    16.027591228485107,
    15.8113694190979,
    14.708985090255737,
    14.563655853271484,
    14.160013198852539,
    13.341774940490723,
    16.163747310638428,
    16.169403791427612,
    15.899606943130493,
    15.927530527114868,
    15.632990598678589,
    15.566707849502563,
    15.229456424713135,
    15.174752473831177,
    15.425242185592651,
    15.177172422409058,
    14.956415891647339,
    14.694082736968994,
    14.916716814041138,
    14.617385864257812,
    15.105787515640259,
    11.464459896087646,
    9.786624312400818,
    15.412384271621704,
    15.398386716842651,
    15.229371786117554,
    14.963303804397583,
    12.316930294036865,
    15.283702611923218,
    15.065521001815796,
    14.695451259613037,
    14.709775447845459,
    13.868242502212524,
    14.389543533325195,
    14.518558979034424,
    14.503506422042847,
    15.013525485992432,
    15.081933736801147,
    15.18375039100647,
    15.147167444229126,
    14.663511514663696,
    14.575943946838379,
    14.860570430755615,
    12.234852313995361,
    8.260692358016968,
    13.445627689361572,
    14.863823652267456,
    14.564682245254517,
    14.557369947433472,
    14.007730484008789
  ],
  "depth_mae_mean": 0.026006185552105307,
  "depth_mae_std": 0.011937430797229247,
  "depth_mae_per_view": [
    0.014540767297148705,
    0.014760269783437252,
    0.03209153190255165,
    0.017695313319563866,
    0.015033663250505924,
    0.012894542887806892,
    0.015987444669008255,
    0.015990475192666054,
    0.015026365406811237,
    0.027019530534744263,
    0.030322151258587837,
    0.039515335112810135,
    0.039568547159433365,
    0.038428567349910736,
    0.03194740042090416,
    0.02456326223909855,
    0.028398161754012108,
    0.0425519123673439,
    0.020766425877809525,
    0.018703974783420563,
    0.03418012708425522,
    0.03298792615532875,
    0.025333452969789505,
    0.023083044216036797,
    0.021495498716831207,
    0.022774459794163704,
    0.023411409929394722,
    0.023023009300231934,
    0.02264675870537758,
    0.021636027842760086,
    0.035594671964645386,
    0.04543650150299072,
    0.053451623767614365,
    0.05180051922798157,
    0.06085333600640297,
    0.03763550519943237,
    0.034725796431303024,
    0.029206017032265663,
    0.0196803230792284,
    0.022480875253677368,
    0.022289982065558434,
    0.022969374433159828,
    0.022938154637813568,
    0.022261574864387512,
    0.0215119868516922,
    0.022594163194298744,
    0.021853510290384293,
    0.021981945261359215,
    0.022350607439875603,
    0.02019224688410759,
    0.019620949402451515,
    0.020460069179534912,
    0.025811757892370224,
    0.028682298958301544,
    0.02965008094906807,
    0.03083231672644615,
    0.021305762231349945,
    0.02169089764356613,
    0.021305551752448082,
    0.020426390692591667,
    0.017836464568972588,
    0.01732787862420082,
    0.017101094126701355,
    0.019266542047262192,
    0.02090381644666195,
    0.02089066244661808,
    0.02039342373609543,
    0.020201735198497772,
    0.018429521471261978,
    0.016438348218798637,
    0.016389699652791023,
    0.017734598368406296,
    0.018249275162816048,
    0.020713310688734055,
    0.021092085167765617,
    0.02107234299182892,
    0.018988968804478645,
    0.0464484728872776,
    0.030446913093328476,
    0.020846378058195114,
    0.017788836732506752,
    0.01637997291982174,
    0.04596728831529617,
    0.04236988350749016,
    0.03881616145372391,
    0.023063475266098976,
    0.017368704080581665,
    0.018404237926006317,
    0.018448567017912865,
    0.017279239371418953,
    0.01775500550866127,
    0.01736721582710743,
    0.0240400992333889,
    0.039646293967962265,
    0.09955823421478271,
    0.029714098200201988,
    0.024950915947556496,
    0.022380735725164413,
    0.023270200937986374,
    0.027305709198117256
  ],
  "normal_cos_mean": 0.7817243510484695,
  "normal_cos_std": 0.0333456764673442,
  "normal_cos_per_view": [
    0.857763409614563,
    0.858429491519928,
    0.8313835859298706,
    0.8469050526618958,
    0.8472176194190979,
    0.845405638217926,
    0.8443618416786194,
    0.853023111820221,
    0.8543992638587952,
    0.8399606943130493,
    0.7944442629814148,
    0.7801181674003601,
    0.7794240117073059,
    0.7670221328735352,
    0.7409915924072266,
    0.7508806586265564,
    0.7493659853935242,
    0.7441318035125732,
    0.768474817276001,
    0.7562984824180603,
    0.7559994459152222,
    0.7507212162017822,
    0.7460952997207642,
    0.7381613850593567,
    0.7532950639724731,
    0.7697943449020386,
    0.7772862911224365,
    0.7761249542236328,
    0.7854218482971191,
    0.7894284725189209,
    0.7736625075340271,
    0.7483654022216797,
    0.7421357035636902,
    0.7504602670669556,
    0.7738000750541687,
    0.7762902975082397,
    0.774315357208252,
    0.7566601037979126,
    0.7691485285758972,
    0.7720655798912048,
    0.7701231241226196,
    0.7723608016967773,
    0.7654080986976624,
    0.7663915157318115,
    0.7768698930740356,
    0.7687777876853943,
    0.7725364565849304,
    0.7735503315925598,
    0.7774612307548523,
    0.7823193073272705,
    0.7803166508674622,
    0.7670932412147522,
    0.7535925507545471,
    0.744270384311676,
    0.7411925792694092,
    0.7383266091346741,
    0.7782436609268188,
    0.7759408354759216,
    0.7819430232048035,
    0.7870653867721558,
    0.8061473965644836,
    0.8166791200637817,
    0.822119951248169,
    0.8110723495483398,
    0.8073476552963257,
    0.81291264295578,
    0.8204777240753174,
    0.8235897421836853,
    0.8277233242988586,
    0.8443970084190369,
    0.8385505080223083,
    0.8136057257652283,
    0.8181262612342834,
    0.7919613122940063,
    0.7848719954490662,
    0.7933171987533569,
    0.7813293933868408,
    0.7488259673118591,
    0.7539597749710083,
    0.7748717069625854,
    0.7703261971473694,
    0.7677459716796875,
    0.7414645552635193,
    0.7387966513633728,
    0.7471677660942078,
    0.7828969955444336,
    0.7854676842689514,
    0.778388261795044,
    0.7781912088394165,
    0.7863011360168457,
    0.7930749654769897,
    0.8076239824295044,
    0.7994256019592285,
    0.8090815544128418,
    0.7028936743736267,
    0.753507673740387,
    0.732475757598877,
    0.7471016645431519,
    0.7471932172775269,
    0.7484065890312195
  ],
  "semantic_miou_mean": 0.783293574743452,
  "semantic_miou_std": 0.09634834301982066,