{
  "checkpoint": "planarSplat_ExpRes/phase3b/abl_d_joint_example/2026_03_04_14_02_45/checkpoints/Parameters/latest.pth",
  "iter": 5000,
  "plane_count": 2657,
  "n_views": 100,
  "depth_mae_mean": 0.02787808336317539,
  "depth_mae_std": 0.01696099383573124,
  "depth_mae_per_view": [
    0.01423034816980362,
    0.014558653347194195,
    0.033775605261325836,
    0.017135368660092354,
    0.01320241205394268,
    0.011330571956932545,
    0.014942760579288006,
    0.014356417581439018,
    0.013931493274867535,
    0.025744687765836716,
    0.0292552188038826,
    0.037820760160684586,
    0.03799682855606079,
    0.0364600270986557,
    0.032624002546072006,
    0.02557685598731041,
    0.02801164612174034,
    0.039469510316848755,
    0.01886715739965439,
    0.01700630411505699,
    0.03088429570198059,
    0.02948526293039322,
    0.02332902140915394,
    0.021695103496313095,
    0.02074533700942993,
    0.022124141454696655,
    0.023169593885540962,
    0.022906459867954254,
    0.022717706859111786,
    0.021438630297780037,
    0.03708982095122337,
    0.0836106464266777,
    0.09272898733615875,
    0.0842462033033371,
    0.09550656378269196,
    0.04948896914720535,
    0.04602724313735962,
    0.03336184471845627,
    0.021730441600084305,
    0.021746620535850525,
    0.021597707644104958,
    0.023141952231526375,
    0.02257944829761982,
    0.022231711074709892,
    0.02066413126885891,
    0.023827876895666122,
    0.024265067651867867,
    0.024493776261806488,
    0.025049662217497826,
    0.022920189425349236,
    0.022644497454166412,
    0.02241894230246544,
    0.02505413442850113,
    0.026370935142040253,
    0.027160141617059708,
    0.027826527133584023,
    0.02302342839539051,
    0.023204250261187553,
    0.022761644795536995,
    0.021808266639709473,
    0.019511941820383072,
    0.01881503500044346,
    0.01891603134572506,
    0.02023087628185749,
    0.021219203248620033,
    0.0209425650537014,
    0.020291170105338097,
    0.019866229966282845,
    0.01832251437008381,
    0.01628907397389412,
    0.020421132445335388,
    0.01842949539422989,
    0.01976178027689457,
    0.021194836124777794,
    0.021597180515527725,
    0.021957866847515106,
    0.02014423906803131,
    0.047373704612255096,
    0.03452682122588158,
    0.02501869760453701,
    0.01930227130651474,
    0.01760486699640751,
    0.04539826139807701,
    0.042440690100193024,
    0.04010410234332085,
    0.02329092100262642,
    0.017310215160250664,
    0.017764097079634666,
    0.01794290542602539,
    0.016537271440029144,
    0.017083626240491867,
    0.01666582189500332,
    0.023036161437630653,
    0.042182307690382004,
    0.10809651017189026,
    0.029130931943655014,
    0.02400057762861252,
    0.02290438301861286,
    0.023891450837254524,
    0.02491675317287445
  ],
  "normal_cos_mean": 0.7823315185308456,
  "normal_cos_std": 0.03288846971349883,
  "normal_cos_per_view": [
    0.8557236790657043,
    0.8563640117645264,
    0.8309885859489441,
    0.8470027446746826,
    0.848622739315033,
    0.8469868898391724,
    0.8451400399208069,
    0.8558635711669922,
    0.8578619956970215,
    0.8451674580574036,
    0.7970810532569885,
    0.780577540397644,
    0.7793090343475342,
    0.7675515413284302,
    0.7433053255081177,
    0.7500663995742798,
    0.7495975494384766,
    0.7450799345970154,
    0.7700828909873962,
    0.7580630779266357,
    0.7572965025901794,
    0.7518623471260071,
    0.7461064457893372,
    0.7387653589248657,
    0.7546631097793579,
    0.7689035534858704,
    0.775992751121521,
    0.7750826478004456,
    0.7872529625892639,
    0.7916030287742615,
    0.7742643356323242,
    0.7512502670288086,
    0.7449440956115723,
    0.7527297735214233,
    0.7770019769668579,
    0.7824417352676392,
    0.7781937122344971,
    0.7628599405288696,
    0.7718058824539185,
    0.7773301601409912,
    0.775387167930603,
    0.7780276536941528,
    0.7724569439888,
    0.7715427279472351,
    0.7793220281600952,
    0.7716125845909119,
    0.77418452501297,
    0.7756565809249878,
    0.7804796099662781,
    0.783460259437561,
    0.7808558344841003,
    0.7677305936813354,
    0.7554161548614502,
    0.7457320690155029,
    0.7427522540092468,
    0.7389732599258423,
    0.7731580138206482,
    0.7709264755249023,
    0.7769649624824524,
    0.7821966409683228,
    0.8008480668067932,
    0.8123703002929688,
    0.818313717842102,
    0.80826735496521,
    0.8051106333732605,
    0.8127796649932861,
    0.8203504681587219,
    0.8230757117271423,
    0.8257265686988831,
    0.8437526822090149,
    0.8401100635528564,
    0.8140960335731506,
    0.8178254961967468,
    0.7897083759307861,
    0.7819819450378418,
    0.7913625836372375,
    0.7788897752761841,
    0.7458198666572571,
    0.7522732615470886,
    0.7719534039497375,
    0.769425094127655,
    0.7682086229324341,
    0.7453877925872803,
    0.7395516037940979,
    0.7488771080970764,
    0.7855398654937744,
    0.7863912582397461,
    0.7792357206344604,
    0.7776040434837341,
    0.7852415442466736,
    0.7927333116531372,
    0.8067548274993896,
    0.8025489449501038,
    0.8074313402175903,
    0.7059260010719299,
    0.7536478638648987,
    0.7327437400817871,
    0.7480526566505432,
    0.7475231289863586,
    0.7480884194374084
  ],
  "semantic_miou_mean": 0.7725421474403737,
  "semantic_miou_std": 0.08573639789602003,
  "semantic_miou_per_view": [
    0.6986355968497012,
    0.705389016605016,
    0.6099355415077943,
    0.6258461034491963,
    0.6682699282879146,
    0.6771702909448155,
    0.6608061614263162,
    0.6665317622488603,
    0.6966922947643023,
    0.7064263635755039,
    0.7387078923560294,
    0.7848285987930189,
    0.790358381675599,
    0.8161739433096008,
    0.775292179470644,
    0.8306311527867,
    0.8271523329625071,
    0.8375332146096571,
    0.8054517981476597,
    0.8107360134289442,
    0.8574363646732649,
    0.8642377003899623,
    0.842822059738768,
    0.8250352677477552,
    0.8499541033069775,
    0.8270105151678903,
    0.7872650463293626,
    0.8059067647098876,
    0.7643391594525845,
    0.8070552037493316,
    0.7811615833475031,
    0.7815923427977163,
    0.7879112718358284,
    0.8025943482453929,
    0.8622976360255796,
    0.8223305720129724,
    0.8683932166923589,
    0.8200782080097101,
    0.8268839009408181,
    0.845328535969848,
    0.8308337604007127,
    0.8272989166774196,
    0.8014873610535272,
    0.7885101571415601,
    0.7838820260441874,
    0.7827940780358577,
    0.7882404265347978,
    0.7916556192508367,
    0.7912719780044085,
    0.8125804865986431,
    0.7249641186077515,
    0.7940617118709152,
    0.8243327911069246,
    0.8006762357000414,
    0.7567994782719275,
    0.7351700894229962,
    0.8363335380966656,
    0.8188733344998639,
    0.8408969937188696,
    0.8416969591872144,
    0.8547052775130041,
    0.8441395541446366,
    0.8461442135193801,
    0.8524638607927807,
    0.8237721128444976,
    0.8072221283723499,
    0.8072016897215715,
    0.8196765057273195,
    0.8316815527817435,
    0.7771475550076005,
    0.5309626075393951,
    0.6635430475511086,
    0.40666052858581575,
    0.7855468905205033,
    0.7910400440093598,
    0.7906808005305733,
    0.8264574758972113,
    0.740918386839828,
    0.7702713949206211,
    0.8128165580084676,
    0.7947151228109862,
    0.811848133795526,
    0.7051895648757652,
    0.5937426352855569,
    0.7401614118707749,
    0.7909833456233276,
    0.8429024505479575,
    0.8411880960238319,
    0.8409843790706106,
    0.8532295247972547,
    0.8499218885092596,
    0.8558370894002594,
    0.8263833417010914,
    0.7895192323386336,
    0.5481731054444188,
    0.6336531224711712,
    0.605914526175179,
    0.6249797849147177,
    0.6207029255720208,
    0.5665704494128345
  ],
  "iou_roof_mean": 0.630901504981661,
  "iou_wall_mean": 0.8079656840244744,
  "iou_ground_mean": 0.8787592533149854
}