{
  "checkpoint": "planarSplat_ExpRes/phase3b/abl_a_geo_only_example/2026_03_04_13_39_39/checkpoints/Parameters/latest.pth",
  "iter": 5000,
  "plane_count": 2689,
  "n_views": 100,
  "depth_mae_mean": 0.027452374873682857,
  "depth_mae_std": 0.016888855276154753,
  "depth_mae_per_view": [
    0.01338780764490366,
    0.013714860193431377,
    0.022065019235014915,
    0.01602119766175747,
    0.012431781738996506,
    0.010507815517485142,
    0.012809595093131065,
    0.012122565880417824,
    0.011529377661645412,
    0.02430840954184532,
    0.028925355523824692,
    0.037946976721286774,
    0.03786638751626015,
    0.037431322038173676,
    0.033233556896448135,
    0.027522888034582138,
    0.028484085574746132,
    0.040598757565021515,
    0.020422840490937233,
    0.016449984163045883,
    0.02999931015074253,
    0.028155621141195297,
    0.027666309848427773,
    0.021314501762390137,
    0.019899552688002586,
    0.021447520703077316,
    0.022724973037838936,
    0.023120934143662453,
    0.02299615740776062,
    0.020885145291686058,
    0.03445637598633766,
    0.06216306984424591,
    0.07071566581726074,
    0.06315992027521133,
    0.10233491659164429,
    0.07119983434677124,
    0.06389249861240387,
    0.05609675496816635,
    0.021285658702254295,
    0.023675832897424698,
    0.022979047149419785,
    0.02264709398150444,
    0.02218802459537983,
    0.02170977182686329,
    0.020920569077134132,
    0.022631028667092323,
    0.02256552316248417,
    0.022847268730401993,
    0.02364739216864109,
    0.021019700914621353,
    0.020216625183820724,
    0.020764637738466263,
    0.025161556899547577,
    0.027072172611951828,
    0.02843499928712845,
    0.029106689617037773,
    0.02178747020661831,
    0.022037779912352562,
    0.02177886851131916,
    0.020815439522266388,
    0.018115557730197906,
    0.017071563750505447,
    0.016846321523189545,
    0.01886024884879589,
    0.020379547029733658,
    0.020114051178097725,
    0.020033733919262886,
    0.020205192267894745,
    0.018565431237220764,
    0.01595526747405529,
    0.015945833176374435,
    0.017602384090423584,
    0.017977390438318253,
    0.021101105958223343,
    0.021452780812978745,
    0.021049492061138153,
    0.01910535618662834,
    0.04748234525322914,
    0.029281582683324814,
    0.020916687324643135,
    0.016893820837140083,
    0.015441353432834148,
    0.05081481486558914,
    0.05206858739256859,
    0.04544702544808388,
    0.022222446277737617,
    0.0162185225635767,
    0.017884505912661552,
    0.018539637327194214,
    0.017944976687431335,
    0.018223971128463745,
    0.017219973728060722,
    0.02238413318991661,
    0.039333563297986984,
    0.1099829152226448,
    0.029673056676983833,
    0.022066891193389893,
    0.021193675696849823,
    0.022139396518468857,
    0.026179548352956772
  ],
  "normal_cos_mean": 0.7806268501281738,
  "normal_cos_std": 0.032948277000934896,
  "normal_cos_per_view": [
    0.8551236987113953,
    0.8555078506469727,
    0.827471137046814,
    0.8444225192070007,
    0.8445532917976379,
    0.8427155017852783,
    0.8410953879356384,
    0.8511599898338318,
    0.853283166885376,
    0.8405972123146057,
    0.7952101826667786,
    0.7794429659843445,
    0.7797534465789795,
    0.7669834494590759,
    0.7428992986679077,
    0.7488452792167664,
    0.7460051774978638,
    0.7374162673950195,
    0.7660680413246155,
    0.7538483738899231,
    0.7514542937278748,
    0.7465159893035889,
    0.7422330379486084,
    0.7347898483276367,
    0.7499958276748657,
    0.7653491497039795,
    0.7747281789779663,
    0.7725537419319153,
    0.7831664681434631,
    0.7892715334892273,
    0.7735174894332886,
    0.7491349577903748,
    0.7422680854797363,
    0.7494679093360901,
    0.777071475982666,
    0.7795460224151611,
    0.777077853679657,
    0.7568950653076172,
    0.7689648866653442,
    0.7710455656051636,
    0.7697262167930603,
    0.7722931504249573,
    0.7664206027984619,
    0.7679939270019531,
    0.7782961130142212,
    0.770451545715332,
    0.7749840617179871,
    0.7754977941513062,
    0.7804833054542542,
    0.7847343683242798,
    0.7824727296829224,
    0.7694999575614929,
    0.7567732334136963,
    0.7466444373130798,
    0.7429732084274292,
    0.7396265268325806,
    0.7709941267967224,
    0.7694720029830933,
    0.7745931148529053,
    0.7801558971405029,
    0.7998499870300293,
    0.8109354972839355,
    0.817164421081543,
    0.8079531788825989,
    0.8047347068786621,
    0.8102869987487793,
    0.8181238174438477,
    0.8206247687339783,
    0.8264992833137512,
    0.8440994024276733,
    0.8404175043106079,
    0.8116376996040344,
    0.813248872756958,
    0.7895076870918274,
    0.7832878232002258,
    0.7924225926399231,
    0.7812288999557495,
    0.7515329122543335,
    0.7544803023338318,
    0.7726503014564514,
    0.7707763910293579,
    0.7681590914726257,
    0.7435751557350159,
    0.7378941774368286,
    0.7460656762123108,
    0.7854328751564026,
    0.7855989336967468,
    0.7784249782562256,
    0.7768799066543579,
    0.7843403816223145,
    0.791063666343689,
    0.8053382039070129,
    0.8035606741905212,
    0.810312032699585,
    0.6975257992744446,
    0.7524659633636475,
    0.7326104640960693,
    0.746288001537323,
    0.7466055750846863,
    0.7475444674491882
  ]
}