{
  "checkpoint": "planarSplat_ExpRes/phase3b/abl_b_sem_only_example/2026_03_04_13_43_30/checkpoints/Parameters/latest.pth",
  "iter": 5000,
  "plane_count": 2668,
  "n_views": 100,
  "depth_mae_mean": 0.026578698763623832,
  "depth_mae_std": 0.016085966098116754,
  "depth_mae_per_view": [
    0.013470391742885113,
    0.013751944527029991,
    0.022689368575811386,
    0.016395974904298782,
    0.012843149714171886,
    0.010854210704565048,
    0.013313337229192257,
    0.012865527532994747,
    0.012680865824222565,
    0.02451443485915661,
    0.027916358783841133,
    0.03696418181061745,
    0.037232108414173126,
    0.03639671951532364,
    0.03189913555979729,
    0.02336171828210354,
    0.027168752625584602,
    0.041687894612550735,
    0.018835963681340218,
    0.017112283036112785,
    0.03281332552433014,
    0.03392054885625839,
    0.02572241984307766,
    0.02248614840209484,
    0.020847400650382042,
    0.022104565054178238,
    0.021938849240541458,
    0.021938137710094452,
    0.022281477227807045,
    0.02186480537056923,
    0.03655236214399338,
    0.07100142538547516,
    0.07738474011421204,
    0.07133491337299347,
    0.08845824748277664,
    0.049215927720069885,
    0.04864077270030975,
    0.0345754474401474,
    0.023680943995714188,
    0.022711126133799553,
    0.02098311297595501,
    0.02153930440545082,
    0.02156008780002594,
    0.021459823474287987,
    0.020545002073049545,
    0.0217048991471529,
    0.02146313712000847,
    0.022646276280283928,
    0.023401834070682526,
    0.021111199632287025,
    0.020803172141313553,
    0.019906936213374138,
    0.022556375712156296,
    0.02410977892577648,
    0.025322332978248596,
    0.026251068338751793,
    0.0207660011947155,
    0.020994039252400398,
    0.020807204768061638,
    0.01992545835673809,
    0.01771857589483261,
    0.01652294583618641,
    0.016364485025405884,
    0.018343590199947357,
    0.020411601290106773,
    0.020315438508987427,
    0.02001364156603813,
    0.019994128495454788,
    0.018579838797450066,
    0.01599169708788395,
    0.016220716759562492,
    0.01726311817765236,
    0.01802149787545204,
    0.021221863105893135,
    0.02154616452753544,
    0.021396543830633163,
    0.019744204357266426,
    0.046532779932022095,
    0.031131288036704063,
    0.02154858596622944,
    0.018071584403514862,
    0.0168374665081501,
    0.04744918644428253,
    0.0438089519739151,
    0.042276203632354736,
    0.023224810138344765,
    0.01596113108098507,
    0.01687639020383358,
    0.01677168719470501,
    0.015543104149401188,
    0.01583251543343067,
    0.01485658623278141,
    0.02039084956049919,
    0.03998471051454544,
    0.11434773355722427,
    0.02624320797622204,
    0.021361278370022774,
    0.020692208781838417,
    0.021763257682323456,
    0.027409356087446213
  ],
  "normal_cos_mean": 0.7802023160457611,
  "normal_cos_std": 0.03241470415303114,
  "normal_cos_per_view": [
    0.8542510867118835,
    0.854742169380188,
    0.8257346749305725,
    0.8432301878929138,
    0.8436753749847412,
    0.8406721353530884,
    0.8375359773635864,
    0.8471561670303345,
    0.8486278057098389,
    0.8364533185958862,
    0.7915067672729492,
    0.7804322242736816,
    0.7790722846984863,
    0.7687997817993164,
    0.7417116761207581,
    0.7497022151947021,
    0.7463864088058472,
    0.7414999008178711,
    0.7661135792732239,
    0.7539512515068054,
    0.7530686855316162,
    0.7468035221099854,
    0.7423174381256104,
    0.7329745292663574,
    0.7501104474067688,
    0.7656439542770386,
    0.7742689251899719,
    0.7736068964004517,
    0.786209762096405,
    0.7907636761665344,
    0.7741122841835022,
    0.7489689588546753,
    0.7424365282058716,
    0.7515175938606262,
    0.7759822607040405,
    0.7804962992668152,
    0.7783703207969666,
    0.7595117092132568,
    0.7688258290290833,
    0.7715092897415161,
    0.7696006298065186,
    0.7722526788711548,
    0.7666254043579102,
    0.7667948603630066,
    0.7775970101356506,
    0.7671597599983215,
    0.7729429602622986,
    0.7731506824493408,
    0.7769625186920166,
    0.7819223999977112,
    0.7794744372367859,
    0.7683202624320984,
    0.7559841871261597,
    0.7466490268707275,
    0.743574321269989,
    0.7408329248428345,
    0.7726522088050842,
    0.7706984281539917,
    0.7765594124794006,
    0.7813876867294312,
    0.8006064891815186,
    0.8117698431015015,
    0.8166899681091309,
    0.8070915341377258,
    0.8035029172897339,
    0.8097561597824097,
    0.8171778917312622,
    0.8209651708602905,
    0.8256564140319824,
    0.8446586728096008,
    0.8402560949325562,
    0.812273383140564,
    0.8152888417243958,
    0.7892181277275085,
    0.7823757529258728,
    0.7912903428077698,
    0.7777829766273499,
    0.7461655735969543,
    0.7548415064811707,
    0.7717132568359375,
    0.7696101069450378,
    0.7667895555496216,
    0.7418587803840637,
    0.7381080985069275,
    0.7460699081420898,
    0.782849907875061,
    0.785301923751831,
    0.7780274152755737,
    0.7776767611503601,
    0.7845578789710999,
    0.7918717861175537,
    0.805317759513855,
    0.8008018732070923,
    0.8077458739280701,
    0.6974990963935852,
    0.7542644143104553,
    0.7316005825996399,
    0.7462743520736694,
    0.746018648147583,
    0.7490102648735046
  ],
  "semantic_miou_mean": 0.7834634937054663,
  "semantic_miou_std": 0.09952277126293801,
  "semantic_miou_per_view": [
    0.6447930520569071,
    0.6552752094530973,
    0.6217866310164496,
    0.6214207172608167,
    0.6328145778029276,
    0.6326716314972349,
    0.6115977665701022,
    0.6150932035427435,
    0.6598355683627953,
    0.6777295589489348,
    0.7254253222139447,
    0.80928027641431,
    0.8135838239774015,
    0.8313749081389427,
    0.7641335084883014,
    0.8607110551744112,
    0.8620447007540407,
    0.8692543818035579,
    0.7938519972849661,
    0.8282810515807761,
    0.8823305826224818,
    0.8857503340076831,
    0.871316072493308,
    0.8578346662244637,
    0.8747818347249083,
    0.8477938565092517,
    0.8120691151356896,
    0.8224118479487573,
    0.8009389835514799,
    0.8262677509061397,
    0.8097055941890053,
    0.7908992437513757,
    0.789364065145981,
    0.8049779129934375,
    0.8675418110423104,
    0.8480377177103064,
    0.8751653069061329,
    0.8179759267234262,
    0.8473811818328674,
    0.8512375204826638,
    0.8267937660552702,
    0.822804802450058,
    0.8155069728627065,
    0.8078819574398098,
    0.8175699935645077,
    0.8036744800129506,
    0.8153855027393869,
    0.8027287682201728,
    0.8061147998581738,
    0.8531266273794786,
    0.7988511090265984,
    0.8320533129117645,
    0.8417340307191638,
    0.8162661334434361,
    0.7700500893812562,
    0.7503616928970662,
    0.8431046548389887,
    0.8283699924517958,
    0.8553043351997037,
    0.8541867174481396,
    0.8695201073586181,
    0.8726968366003502,
    0.86541606509773,
    0.862733852318005,
    0.8484290482527298,
    0.8393122765429099,
    0.8296553375863485,
    0.8400329571421651,
    0.8504566323649714,
    0.7979935365010565,
    0.5297168219181065,
    0.6000072281346434,
    0.31501574022051504,
    0.8025037101345278,
    0.7993530013444953,
    0.8037485602421119,
    0.8212430730991201,
    0.7979126330049379,
    0.7840483515953744,
    0.8224602314597833,
    0.8125850880308961,
    0.8200714625015445,
    0.742013862904789,
    0.5914985139604763,
    0.7335608008982296,
    0.7918713100923274,
    0.8481719280143553,
    0.8441228047481933,
    0.8520445904951156,
    0.8629826226057858,
    0.8636880305398632,
    0.8860804986943536,
    0.8755987491066497,
    0.8585574224085785,
    0.547374738690756,
    0.6549668679497969,
    0.619377686392694,
    0.6536910895848459,
    0.6480570521716285,
    0.6111682436924981
  ],
  "iou_roof_mean": 0.6392811050567705,
  "iou_wall_mean": 0.8175763451867993,
  "iou_ground_mean": 0.893533030872829
}