{
  "checkpoint": "planarSplat_ExpRes/phase3b/abl_g_no_warmup_example/2026_03_04_14_33_28/checkpoints/Parameters/latest.pth",
  "iter": 5000,
  "plane_count": 2601,
  "n_views": 100,
  "depth_mae_mean": 0.028536526141688227,
  "depth_mae_std": 0.01742780407973657,
  "depth_mae_per_view": [
    0.01510465145111084,
    0.015449883416295052,
    0.03586139902472496,
    0.017920292913913727,
    0.013759689405560493,
    0.011400405317544937,
    0.014292963780462742,
    0.013923849910497665,
    0.013163873925805092,
    0.02507799118757248,
    0.028791086748242378,
    0.03773944452404976,
    0.03787796199321747,
    0.036165717989206314,
    0.033576786518096924,
    0.03784925118088722,
    0.03665826842188835,
    0.0590902641415596,
    0.023469246923923492,
    0.01664317026734352,
    0.04188627004623413,
    0.04064178094267845,
    0.02993845008313656,
    0.024611352011561394,
    0.023715991526842117,
    0.02498609945178032,
    0.024054883047938347,
    0.023503277450799942,
    0.022385137155652046,
    0.020607389509677887,
    0.033304356038570404,
    0.083463653922081,
    0.09037031978368759,
    0.08190441131591797,
    0.10109757632017136,
    0.056919146329164505,
    0.052176978439092636,
    0.03446513041853905,
    0.02082345075905323,
    0.023564327508211136,
    0.023254405707120895,
    0.0236800666898489,
    0.022576501592993736,
    0.022037958726286888,
    0.020685890689492226,
    0.02206108532845974,
    0.022634275257587433,
    0.02333766222000122,
    0.023726167157292366,
    0.021628744900226593,
    0.020737219601869583,
    0.022035451605916023,
    0.02546055056154728,
    0.02694523334503174,
    0.028347646817564964,
    0.029426367953419685,
    0.02308073826134205,
    0.02330109104514122,
    0.02294842153787613,
    0.02204165980219841,
    0.01941596157848835,
    0.01833244599401951,
    0.01805848442018032,
    0.019574487581849098,
    0.020763754844665527,
    0.020462200045585632,
    0.02005460299551487,
    0.01956711709499359,
    0.018141593784093857,
    0.016701435670256615,
    0.016960715875029564,
    0.01784934662282467,
    0.018325746059417725,
    0.020765865221619606,
    0.021118033677339554,
    0.02065151184797287,
    0.01926031894981861,
    0.046484701335430145,
    0.02977217361330986,
    0.021530665457248688,
    0.017966676503419876,
    0.016876550391316414,
    0.05161527916789055,
    0.045113641768693924,
    0.038962170481681824,
    0.023214509710669518,
    0.01656975969672203,
    0.01765485852956772,
    0.01822272688150406,
    0.01695164293050766,
    0.01710420288145542,
    0.016308436170220375,
    0.02057531103491783,
    0.03863432630896568,
    0.10205177962779999,
    0.030913839116692543,
    0.02255024015903473,
    0.02129235491156578,
    0.022282201796770096,
    0.026817623525857925
  ],
  "normal_cos_mean": 0.7816656130552292,
  "normal_cos_std": 0.03289214038245533,
  "normal_cos_per_view": [
    0.8580155968666077,
    0.8584883213043213,
    0.8308773636817932,
    0.846973180770874,
    0.8463339805603027,
    0.844969630241394,
    0.8430847525596619,
    0.8526450395584106,
    0.8550444841384888,
    0.8423885703086853,
    0.793901264667511,
    0.7807834148406982,
    0.7798096537590027,
    0.7685657143592834,
    0.7426782250404358,
    0.7504764199256897,
    0.7473638653755188,
    0.7440033555030823,
    0.7669839859008789,
    0.755818247795105,
    0.7553955316543579,
    0.7496996521949768,
    0.7444791197776794,
    0.7365303635597229,
    0.7515392303466797,
    0.7659972310066223,
    0.774787187576294,
    0.7740309238433838,
    0.7869585752487183,
    0.7900237441062927,
    0.7746421694755554,
    0.7509207129478455,
    0.744204044342041,
    0.7518882751464844,
    0.775181233882904,
    0.7804756760597229,
    0.7754001021385193,
    0.7585601210594177,
    0.7713448405265808,
    0.7753497958183289,
    0.7743398547172546,
    0.7766202688217163,
    0.7715009450912476,
    0.7704412937164307,
    0.7803148627281189,
    0.7717940211296082,
    0.7741730809211731,
    0.7742487788200378,
    0.7793176770210266,
    0.7837803363800049,
    0.7805221676826477,
    0.7697992324829102,
    0.7567066550254822,
    0.7463164329528809,
    0.7416379451751709,
    0.7354699373245239,
    0.7684622406959534,
    0.7661712169647217,
    0.7729048132896423,
    0.7777776718139648,
    0.7980365753173828,
    0.8091436624526978,
    0.8168769478797913,
    0.8068845868110657,
    0.8047197461128235,
    0.8116019368171692,
    0.8192077279090881,
    0.8231424689292908,
    0.8278552889823914,
    0.8459489941596985,
    0.8394337296485901,
    0.8125163316726685,
    0.8154458403587341,
    0.7929726243019104,
    0.7861900925636292,
    0.7955473065376282,
    0.782779335975647,
    0.7498965263366699,
    0.7549126744270325,
    0.7720134854316711,
    0.7691256403923035,
    0.766462504863739,
    0.7438900470733643,
    0.7365959882736206,
    0.7468147873878479,
    0.7845922112464905,
    0.7847321033477783,
    0.7783910036087036,
    0.777553141117096,
    0.7857993245124817,
    0.7924299240112305,
    0.8072332739830017,
    0.8038176894187927,
    0.8136406540870667,
    0.7152312994003296,
    0.754207193851471,
    0.730941653251648,
    0.7448697686195374,
    0.7455049157142639,
    0.7506892681121826
  ],
  "semantic_miou_mean": 0.7669321730459707,
  "semantic_miou_std": 0.09475514345559223,
  "semantic_miou_per_view": [
    0.6348219567950043,
    0.6402463580777004,
    0.6147673216470502,
    0.6308195902296538,
    0.6656342156146673,
    0.6709711812794192,
    0.6406469107450218,
    0.6434322252835768,
    0.6759523707820853,
    0.6981990553715067,
    0.7235300245563279,
    0.7687386040948748,
    0.7697083834971584,
    0.7895698727732562,
    0.7619646272297049,
    0.8087531968726135,
    0.8201612187128989,
    0.8421333940098764,
    0.7973911504402901,
    0.7853641285240719,
    0.8557853215694481,
    0.8605712727617479,
    0.8205966283887435,
    0.812516438183029,
    0.8410271172516856,
    0.8203656487539556,
    0.7645051968656132,
    0.8064382949608104,
    0.7498561862650709,
    0.7950052535971338,
    0.781395595280153,
    0.771929466044528,
    0.7752083191616519,
    0.7891810386283251,
    0.8533489071910605,
    0.8031412611330363,
    0.8600584750685846,
    0.8180727683678777,
    0.8190148833708344,
    0.8411637558362798,
    0.8286660628205396,
    0.8221494942311113,
    0.8131347725940744,
    0.7950257638108167,
    0.7987644701493952,
    0.800320406151022,
    0.8102851256026159,
    0.7989429038056333,
    0.7928833449394282,
    0.8216721372481756,
    0.7247279470775249,
    0.8070315346655854,
    0.8197547343185453,
    0.7934549993014745,
    0.7489939860399706,
    0.7240208688013962,
    0.8302082577741774,
    0.8131965726151708,
    0.8486066699093587,
    0.8481688347257229,
    0.8646634641241956,
    0.8622090241792195,
    0.8658551532188357,
    0.8761409381153413,
    0.849948409128436,
    0.8391017377789218,
    0.8298252746632105,
    0.8381850061529024,
    0.8502616509226075,
    0.7898488569960307,
    0.5251652532142826,
    0.603044827420487,
    0.3305071439503585,
    0.8028487429431651,
    0.8104476513012044,
    0.7977274120913721,
    0.8298758126175502,
    0.7347428166391428,
    0.732635651397012,
    0.7962263776760125,
    0.7829074421966924,
    0.789440801935379,
    0.6617008553153423,
    0.5439821286385697,
    0.7243188253571097,
    0.7770896339669288,
    0.8459527139638503,
    0.8432199497380873,
    0.8444494890878991,
    0.856382237412019,
    0.8562082832940269,
    0.8611998631126507,
    0.821594753528662,
    0.7920981333141444,
    0.5631229188671886,
    0.629008852759576,
    0.6065310168311875,
    0.614243202355421,
    0.6195404939357345,
    0.5689680026582359
  ],
  "iou_roof_mean": 0.6207744745770221,
  "iou_wall_mean": 0.8044418596732832,
  "iou_ground_mean": 0.8755801848876065
}