{
  "checkpoint": "planarSplat_ExpRes/phase3b/abl_c_independent_example/2026_03_04_13_52_43/checkpoints/Parameters/latest.pth",
  "iter": 5000,
  "plane_count": 2605,
  "n_views": 100,
  "depth_mae_mean": 0.02744820086285472,
  "depth_mae_std": 0.01596291183323473,
  "depth_mae_per_view": [
    0.014155496843159199,
    0.01458470243960619,
    0.034298740327358246,
    0.017537429928779602,
    0.013717220164835453,
    0.012078962288796902,
    0.015422371216118336,
    0.014502421952784061,
    0.014029175043106079,
    0.02607499621808529,
    0.029953740537166595,
    0.03933686763048172,
    0.03944730758666992,
    0.038462311029434204,
    0.03315582871437073,
    0.02428657002747059,
    0.027385570108890533,
    0.04043348506093025,
    0.01874464377760887,
    0.017021870240569115,
    0.03328772634267807,
    0.031940288841724396,
    0.02428802289068699,
    0.020856603980064392,
    0.019540786743164062,
    0.020994048565626144,
    0.021195270121097565,
    0.020972590893507004,
    0.021152419969439507,
    0.020106542855501175,
    0.03562605008482933,
    0.08136238157749176,
    0.08901960402727127,
    0.08073266595602036,
    0.08951449394226074,
    0.04675371199846268,
    0.04548969492316246,
    0.0322466641664505,
    0.020319044589996338,
    0.02327306941151619,
    0.02326858974993229,
    0.023727519437670708,
    0.023482296615839005,
    0.022298336029052734,
    0.021129895001649857,
    0.02223438024520874,
    0.022813880816102028,
    0.022849079221487045,
    0.02390138804912567,
    0.021919656544923782,
    0.02057572640478611,
    0.020746810361742973,
    0.02369513176381588,
    0.025199266150593758,
    0.02628244087100029,
    0.02710144966840744,
    0.02284749038517475,
    0.023233909159898758,
    0.02286127582192421,
    0.02191263809800148,
    0.019293807446956635,
    0.018276389688253403,
    0.017716845497488976,
    0.01921737566590309,
    0.020383493974804878,
    0.020144857466220856,
    0.019729116931557655,
    0.019335580989718437,
    0.017947055399417877,
    0.016519589349627495,
    0.016264349222183228,
    0.017176823690533638,
    0.01740247756242752,
    0.021063772961497307,
    0.02156934142112732,
    0.021446650847792625,
    0.020100446417927742,
    0.04590354487299919,
    0.03151141107082367,
    0.023692436516284943,
    0.021214529871940613,
    0.020456992089748383,
    0.051712360233068466,
    0.045244619250297546,
    0.042738091200590134,
    0.02434837631881237,
    0.01787528023123741,
    0.018805135041475296,
    0.018873728811740875,
    0.017169328406453133,
    0.017709000036120415,
    0.01638335920870304,
    0.022751279175281525,
    0.03997667133808136,
    0.09496749937534332,
    0.027815120294690132,
    0.024516427889466286,
    0.02275681495666504,
    0.023627689108252525,
    0.025799863040447235
  ],
  "normal_cos_mean": 0.781557851433754,
  "normal_cos_std": 0.032422869965218634,
  "normal_cos_per_view": [
    0.8562384843826294,
    0.8564280867576599,
    0.8316830396652222,
    0.8458285927772522,
    0.8460996747016907,
    0.844532310962677,
    0.8428634405136108,
    0.852067768573761,
    0.8516284227371216,
    0.8404812216758728,
    0.7924602627754211,
    0.7791309952735901,
    0.7786114811897278,
    0.7670002579689026,
    0.7415409088134766,
    0.7494903802871704,
    0.7484167814254761,
    0.7426443099975586,
    0.7686399817466736,
    0.756551206111908,
    0.7547698020935059,
    0.7490518689155579,
    0.7455347180366516,
    0.7368425130844116,
    0.7534636855125427,
    0.7670608162879944,
    0.7772666811943054,
    0.775825023651123,
    0.7868897318840027,
    0.7919051647186279,
    0.7761673927307129,
    0.7520818710327148,
    0.7445072531700134,
    0.753456175327301,
    0.7779287099838257,
    0.782658576965332,
    0.7787545323371887,
    0.7617905735969543,
    0.7719786763191223,
    0.7747432589530945,
    0.7731770873069763,
    0.7750148773193359,
    0.7696694731712341,
    0.7687647938728333,
    0.7786421179771423,
    0.7702203392982483,
    0.773652970790863,
    0.7738858461380005,
    0.7770897746086121,
    0.7815972566604614,
    0.7791169285774231,
    0.7665807604789734,
    0.7534337043762207,
    0.7436395883560181,
    0.7396894097328186,
    0.7353801131248474,
    0.7733187079429626,
    0.7710797786712646,
    0.7774590253829956,
    0.782140851020813,
    0.8005317449569702,
    0.8111732006072998,
    0.8152148723602295,
    0.8068993091583252,
    0.8042191863059998,
    0.8110045194625854,
    0.8186928033828735,
    0.8219255208969116,
    0.8267231583595276,
    0.8432247042655945,
    0.8382694721221924,
    0.813450813293457,
    0.8192578554153442,
    0.7917149662971497,
    0.7855937480926514,
    0.7945091128349304,
    0.7818611860275269,
    0.7476891279220581,
    0.7525194883346558,
    0.7718241214752197,
    0.7682852745056152,
    0.7653474807739258,
    0.7421172857284546,
    0.7375879883766174,
    0.7476862668991089,
    0.7825794816017151,
    0.7840591669082642,
    0.7771848440170288,
    0.7759701609611511,
    0.7848587036132812,
    0.7914039492607117,
    0.8055770397186279,
    0.8026996850967407,
    0.8115816116333008,
    0.7197559475898743,
    0.7561396360397339,
    0.7330957055091858,
    0.7471376061439514,
    0.7473743557929993,
    0.7504760026931763
  ],
  "semantic_miou_mean": 0.7858936135691665,
  "semantic_miou_std": 0.09154169752292067,
  "semantic_miou_per_view": [
    0.6964145709686743,
    0.7074964399923704,
    0.6151142892221154,
    0.6311042843281214,
    0.6597465504599638,
    0.6685594958045096,
    0.6558498257964206,
    0.6609379714842892,
    0.664409492207893,
    0.6785762753741581,
    0.7245516952382088,
    0.7929365991440083,
    0.7999010856526346,
    0.819023927105703,
    0.753032202911513,
    0.8436370987831806,
    0.8586410091025068,
    0.8682792080958336,
    0.8192756157237192,
    0.8650014761481731,
    0.8842407365537447,
    0.8900878236297,
    0.8761553715780405,
    0.8616104525891473,
    0.8668540368773497,
    0.8379631605531533,
    0.810034494778688,
    0.8191706345583226,
    0.7957969833420138,
    0.8263190428716353,
    0.8002854805463769,
    0.7896766510266224,
    0.789992334848085,
    0.8049092536809078,
    0.8650068029157968,
    0.8426513309256523,
    0.8716095289260668,
    0.8133740816429226,
    0.8463861820615879,
    0.8560268803225756,
    0.842711919292687,
    0.8389731800426264,
    0.8342754689311214,
    0.8125070465870546,
    0.8160752618902826,
    0.8125253430379044,
    0.8160926635102386,
    0.8113742796032574,
    0.8101812951630779,
    0.8496947363039964,
    0.8146230018295805,
    0.8297325640159974,
    0.832031832965404,
    0.8110064017419746,
    0.7602342028189227,
    0.7411838708592802,
    0.8373278339305369,
    0.8238194700299454,
    0.8492068284189775,
    0.8468325571053309,
    0.8637725445029218,
    0.8690037599159107,
    0.8608503090767702,
    0.8512357160391483,
    0.8416715284008368,
    0.8296241626216792,
    0.8262287304722123,
    0.8417374673530246,
    0.8621100935223476,
    0.7934636334211674,
    0.5301766770082031,
    0.6475810010703383,
    0.38804245749109184,
    0.8040813555111779,
    0.7993591933748919,
    0.7863230541908822,
    0.8147522790241842,
    0.7803773774435472,
    0.7733588680557126,
    0.8236783182092617,
    0.8093943347336602,
    0.8197345262537453,
    0.7333773116447472,
    0.5955850518529465,
    0.748550454784148,
    0.7973000710177945,
    0.8491511030348624,
    0.8444907804515404,
    0.8445643402849186,
    0.8574625986680992,
    0.858259487344858,
    0.8787520385163888,
    0.8705810107165983,
    0.8454699158262611,
    0.5253309894756841,
    0.6582781072950338,
    0.6243005361127573,
    0.6572987640254401,
    0.6532902663705819,
    0.609711005950698
  ],
  "iou_roof_mean": 0.64663643835786,
  "iou_wall_mean": 0.8190417890478612,
  "iou_ground_mean": 0.8920026133017787
}