{
  "checkpoint": "planarSplat_ExpRes/phase3b/abl_e_sem2geo_example/2026_03_04_14_13_01/checkpoints/Parameters/latest.pth",
  "iter": 5000,
  "plane_count": 2612,
  "n_views": 100,
  "depth_mae_mean": 0.027157277250662446,
  "depth_mae_std": 0.014187488166025216,
  "depth_mae_per_view": [
    0.014084349386394024,
    0.014421990141272545,
    0.033778466284275055,
    0.01757855713367462,
    0.014174810610711575,
    0.011824171990156174,
    0.015003640204668045,
    0.015057791955769062,
    0.014700548723340034,
    0.025769006460905075,
    0.02976219728589058,
    0.03857675567269325,
    0.03883495554327965,
    0.03749525547027588,
    0.033024318516254425,
    0.02353707328438759,
    0.02735583856701851,
    0.040568865835666656,
    0.018288008868694305,
    0.01726451702415943,
    0.03270440176129341,
    0.031370218843221664,
    0.022898267954587936,
    0.02198627032339573,
    0.020562302321195602,
    0.022393764927983284,
    0.023199616000056267,
    0.022433191537857056,
    0.02247086726129055,
    0.02161899395287037,
    0.032806966453790665,
    0.04319722577929497,
    0.05044841766357422,
    0.04483436793088913,
    0.08067803084850311,
    0.05523477494716644,
    0.04874216765165329,
    0.04529275745153427,
    0.020910635590553284,
    0.02305430732667446,
    0.02381012588739395,
    0.02393190562725067,
    0.023249180987477303,
    0.02275102399289608,
    0.022062111645936966,
    0.02371891774237156,
    0.024086548015475273,
    0.025105943903326988,
    0.025266826152801514,
    0.02229558303952217,
    0.0209950041025877,
    0.020984753966331482,
    0.0252864807844162,
    0.027569828554987907,
    0.028830647468566895,
    0.02983429841697216,
    0.02213713899254799,
    0.022269390523433685,
    0.022089701145887375,
    0.021288899704813957,
    0.018983636051416397,
    0.017803214490413666,
    0.01738402061164379,
    0.019221538677811623,
    0.021056704223155975,
    0.020879069343209267,
    0.02037687972187996,
    0.020135365426540375,
    0.018416890874505043,
    0.017585940659046173,
    0.018484624102711678,
    0.0175306499004364,
    0.017983827739953995,
    0.021638434380292892,
    0.021691514179110527,
    0.021036872640252113,
    0.019065747037529945,
    0.07464621216058731,
    0.03742212802171707,
    0.021166939288377762,
    0.017574097961187363,
    0.016074007377028465,
    0.05720237269997597,
    0.05755576491355896,
    0.0501934252679348,
    0.022486500442028046,
    0.01694353297352791,
    0.01800442673265934,
    0.018276823684573174,
    0.01704302802681923,
    0.01746196672320366,
    0.016005100682377815,
    0.023699745535850525,
    0.038694292306900024,
    0.09754760563373566,
    0.026153523474931717,
    0.0240422822535038,
    0.022585975006222725,
    0.02390410378575325,
    0.026265963912010193
  ],
  "normal_cos_mean": 0.7811226737499237,
  "normal_cos_std": 0.03312140973451809,
  "normal_cos_per_view": [
    0.8571943044662476,
    0.857686460018158,
    0.8297410011291504,
    0.8442445993423462,
    0.844225287437439,
    0.8432478904724121,
    0.8424666523933411,
    0.8517760038375854,
    0.8536400198936462,
    0.8422583341598511,
    0.7949692606925964,
    0.7806775569915771,
    0.7795814871788025,
    0.7683478593826294,
    0.7432627081871033,
    0.7505457997322083,
    0.7476806640625,
    0.7417759895324707,
    0.7670519948005676,
    0.7558810114860535,
    0.7542901039123535,
    0.7491940855979919,
    0.7454040050506592,
    0.7376886010169983,
    0.7533910274505615,
    0.767387330532074,
    0.7770848870277405,
    0.7757664322853088,
    0.7878581285476685,
    0.7924880981445312,
    0.7748157382011414,
    0.7483473420143127,
    0.7408881187438965,
    0.7495587468147278,
    0.7748004198074341,
    0.7782406210899353,
    0.7743324637413025,
    0.7542752623558044,
    0.7696232199668884,
    0.7717154026031494,
    0.7688308358192444,
    0.7709921598434448,
    0.766562819480896,
    0.7677923440933228,
    0.7787888646125793,
    0.7699538469314575,
    0.7726631760597229,
    0.7754987478256226,
    0.7791182398796082,
    0.7835534811019897,
    0.7821401953697205,
    0.7692203521728516,
    0.756007194519043,
    0.7455223202705383,
    0.7421733140945435,
    0.7379564642906189,
    0.7715999484062195,
    0.7694147825241089,
    0.7751580476760864,
    0.780002236366272,
    0.799751877784729,
    0.8116501569747925,
    0.81685471534729,
    0.8090466856956482,
    0.8053622841835022,
    0.8124117851257324,
    0.8194628357887268,
    0.8232548236846924,
    0.8274309635162354,
    0.8453431129455566,
    0.840116024017334,
    0.8129678964614868,
    0.8172640800476074,
    0.7938058972358704,
    0.7871521711349487,
    0.7956802248954773,
    0.7831218242645264,
    0.7473000884056091,
    0.7565065622329712,
    0.7732750773429871,
    0.7696285843849182,
    0.7681961059570312,
    0.7418025732040405,
    0.7348224520683289,
    0.7464668154716492,
    0.7816289067268372,
    0.7848144173622131,
    0.777907133102417,
    0.7765029072761536,
    0.7851904034614563,
    0.7915440797805786,
    0.8055512309074402,
    0.8007329106330872,
    0.8075306415557861,
    0.7041176557540894,
    0.7540801763534546,
    0.7304033041000366,
    0.7456826567649841,
    0.7455745339393616,
    0.7459765076637268
  ],
  "semantic_miou_mean": 0.7834353352073566,
  "semantic_miou_std": 0.09281020817169719,
  "semantic_miou_per_view": [
    0.6663650057682683,
    0.6767026028713475,
    0.6214393873679931,
    0.6360651311329165,
    0.6563191835172714,
    0.6629259140174812,
    0.6495846463871257,
    0.6513747925552419,
    0.6633494625607169,
    0.666818173569457,
    0.690734697110572,
    0.7655351501193421,
    0.7730413811140253,
    0.7928109150323969,
    0.7180192321979227,
    0.8156674705050646,
    0.842189834015362,
    0.8576948585947569,
    0.8142674555747037,
    0.8594520701901819,
    0.8666051601724408,
    0.8746681438441462,
    0.8742456018369671,
    0.8589859546657802,
    0.8669854061656989,
    0.8515114883916092,
    0.8145710511479004,
    0.8282107092539284,
    0.7981892463317966,
    0.8296558957756369,
    0.8032497051321528,
    0.7842100547780436,
    0.7835622115397037,
    0.7938781767245305,
    0.8642438263023887,
    0.846862852199016,
    0.8766231206962108,
    0.8128110960003342,
    0.8441245966058851,
    0.8520616560443616,
    0.8292021720657005,
    0.823818265866011,
    0.8157119045198339,
    0.8041035764416294,
    0.8116186284319514,
    0.800750245667588,
    0.8120227784973579,
    0.8027390175369122,
    0.8044484289422654,
    0.8511662881314201,
    0.7967049569368783,
    0.8279168864107005,
    0.8333024670176855,
    0.8080507710454232,
    0.75865179599939,
    0.735422175021112,
    0.8383253464733702,
    0.8259512443707556,
    0.8510544414727018,
    0.8535727898649955,
    0.8689230113491099,
    0.8742584794892134,
    0.8717876594889687,
    0.8722356277052888,
    0.8542850039437937,
    0.8447000821406933,
    0.8396858967551396,
    0.8547281839699044,
    0.8662696130576478,
    0.803349036460073,
    0.5347896637074611,
    0.6542330468406585,
    0.38259064351237426,
    0.818160494734749,
    0.8213046612634871,
    0.8103664474221589,
    0.8479742201587414,
    0.7903857176542228,
    0.7583453768855755,
    0.8309057541360145,
    0.8189035849819146,
    0.8187832279105098,
    0.7255331888529754,
    0.5831671882107005,
    0.7415905704611759,
    0.7837500327811212,
    0.8487515737831616,
    0.843779987661148,
    0.8459460276737799,
    0.8592481666153825,
    0.8580487282744006,
    0.8792777131351827,
    0.8502773821167757,
    0.8547480301891621,
    0.5660228374407157,
    0.659597501623835,
    0.6173948962775122,
    0.650286602052419,
    0.6447712030359026,
    0.6042289584582441
  ],
  "iou_roof_mean": 0.6382845927372268,
  "iou_wall_mean": 0.8203012824772982,
  "iou_ground_mean": 0.8917201304075448
}