{
  "checkpoint": "planarSplat_ExpRes/phase3b/abl_f_geo2sem_example/2026_03_04_14_23_20/checkpoints/Parameters/latest.pth",
  "iter": 5000,
  "plane_count": 2608,
  "n_views": 100,
  "depth_mae_mean": 0.027949338806793095,
  "depth_mae_std": 0.016349224608547566,
  "depth_mae_per_view": [
    0.014758776873350143,
    0.015154791064560413,
    0.035520173609256744,
    0.017687901854515076,
    0.01392641942948103,
    0.012082179076969624,
    0.015504359267652035,
    0.015195432119071484,
    0.01468626968562603,
    0.026468487456440926,
    0.028942929580807686,
    0.03775157034397125,
    0.03716956824064255,
    0.035807520151138306,
    0.03287053853273392,
    0.03814910352230072,
    0.03905705362558365,
    0.06212583929300308,
    0.022745685651898384,
    0.016041530296206474,
    0.04397307336330414,
    0.040544819086790085,
    0.03206252679228783,
    0.02420978993177414,
    0.02304423227906227,
    0.02511027082800865,
    0.024383774027228355,
    0.024034524336457253,
    0.023799428716301918,
    0.022426560521125793,
    0.03437251225113869,
    0.07489907741546631,
    0.08116821944713593,
    0.07385920733213425,
    0.08378635346889496,
    0.04410350322723389,
    0.04099900275468826,
    0.029960453510284424,
    0.02282247133553028,
    0.024805990979075432,
    0.024473195895552635,
    0.02422701008617878,
    0.0232644435018301,
    0.0216203685849905,
    0.02052639238536358,
    0.021461687982082367,
    0.02159174531698227,
    0.02235696278512478,
    0.0230342298746109,
    0.021465353667736053,
    0.020301349461078644,
    0.020190469920635223,
    0.02362556755542755,
    0.025260118767619133,
    0.026154223829507828,
    0.026929039508104324,
    0.021235471591353416,
    0.021479658782482147,
    0.021156689152121544,
    0.020181691274046898,
    0.017728431150317192,
    0.01659744791686535,
    0.016763104125857353,
    0.019125334918498993,
    0.020515775308012962,
    0.020431356504559517,
    0.01966698095202446,
    0.019243720918893814,
    0.017850786447525024,
    0.016642751172184944,
    0.016858967021107674,
    0.018124304711818695,
    0.018453449010849,
    0.020934192463755608,
    0.02113443799316883,
    0.02098945342004299,
    0.01916714385151863,
    0.050000302493572235,
    0.03348119929432869,
    0.02173813432455063,
    0.01817454770207405,
    0.017173239961266518,
    0.04888874664902687,
    0.0447920486330986,
    0.04145056754350662,
    0.023425331339240074,
    0.016776086762547493,
    0.017989585176110268,
    0.01844937913119793,
    0.017069831490516663,
    0.017624566331505775,
    0.017023753374814987,
    0.022234467789530754,
    0.04157976433634758,
    0.11329666525125504,
    0.028826650232076645,
    0.02169247716665268,
    0.02031875215470791,
    0.02125243842601776,
    0.02490011602640152
  ],
  "normal_cos_mean": 0.7829666912555695,
  "normal_cos_std": 0.03319490859580058,
  "normal_cos_per_view": [
    0.8575984835624695,
    0.8577828407287598,
    0.8308315873146057,
    0.8475386500358582,
    0.8478683829307556,
    0.8464394211769104,
    0.8450645208358765,
    0.8536957502365112,
    0.8546684384346008,
    0.8435063362121582,
    0.7964995503425598,
    0.78048175573349,
    0.7801682353019714,
    0.7695583701133728,
    0.7407887578010559,
    0.748443603515625,
    0.7476793527603149,
    0.7440874576568604,
    0.7679550647735596,
    0.7563226819038391,
    0.7563698887825012,
    0.751236081123352,
    0.7466999888420105,
    0.7393021583557129,
    0.7532555460929871,
    0.7680800557136536,
    0.776803731918335,
    0.7758756875991821,
    0.7881295680999756,
    0.7921575307846069,
    0.7738715410232544,
    0.7502862215042114,
    0.7441405653953552,
    0.7526286244392395,
    0.7750058770179749,
    0.7813798189163208,
    0.7771880030632019,
    0.7618153095245361,
    0.7707687020301819,
    0.7780706882476807,
    0.7763285636901855,
    0.7796939015388489,
    0.7750522494316101,
    0.774631917476654,
    0.7830308079719543,
    0.776919960975647,
    0.7798886299133301,
    0.7807825803756714,
    0.7844434380531311,
    0.7874658107757568,
    0.7831780910491943,
    0.7694025039672852,
    0.7561879754066467,
    0.7471036314964294,
    0.7437244057655334,
    0.7396382689476013,
    0.7742027044296265,
    0.7728633880615234,
    0.7779791951179504,
    0.7836923599243164,
    0.8049408197402954,
    0.8181165456771851,
    0.8235101103782654,
    0.8126363754272461,
    0.8101649880409241,
    0.8160641193389893,
    0.8232263326644897,
    0.8258203268051147,
    0.8290541172027588,
    0.8450812697410583,
    0.8392617702484131,
    0.8132380247116089,
    0.8180971741676331,
    0.791688859462738,
    0.7855639457702637,
    0.7954840660095215,
    0.7814353704452515,
    0.7484981417655945,
    0.7535179853439331,
    0.7730839252471924,
    0.7687428593635559,
    0.7664311528205872,
    0.7404212355613708,
    0.7370756268501282,
    0.7470800876617432,
    0.7830424308776855,
    0.7838379740715027,
    0.7769709229469299,
    0.7753220200538635,
    0.7841736078262329,
    0.7902382612228394,
    0.8032942414283752,
    0.8010966181755066,
    0.8121625185012817,
    0.709331214427948,
    0.7554563283920288,
    0.7324246764183044,
    0.7469428181648254,
    0.7469409108161926,
    0.7509441375732422
  ],
  "semantic_miou_mean": 0.7695921545949406,
  "semantic_miou_std": 0.09685091084178438,
  "semantic_miou_per_view": [
    0.6398069136664654,
    0.6406568156737338,
    0.620204351190572,
    0.6323430438757556,
    0.651415323942634,
    0.6555466628110307,
    0.6366158728345407,
    0.6402961918631731,
    0.6564298238869818,
    0.6734795328815064,
    0.7038177265525142,
    0.7779243083175432,
    0.7838996829004286,
    0.8076982498482317,
    0.7534317497206698,
    0.8207497788696482,
    0.8405908193590043,
    0.8441935349522702,
    0.7998405375554977,
    0.7866613488335693,
    0.8698799446188508,
    0.8757935274894774,
    0.8369306872730274,
    0.8256040455063238,
    0.8518481210196724,
    0.8363936399564104,
    0.7876015539001688,
    0.8184070919893404,
    0.763713378497563,
    0.7998440722141661,
    0.7700981678233653,
    0.7717537616913349,
    0.7758287432714012,
    0.7919920152530716,
    0.8559249473148814,
    0.8299783594409055,
    0.8545975977272459,
    0.7971992958089471,
    0.8076139959762303,
    0.8340481619145236,
    0.8311157311954783,
    0.8302328917643598,
    0.8198203807688081,
    0.8010858415063171,
    0.8118004559305056,
    0.8155646926832715,
    0.8235394124197106,
    0.8128167550479929,
    0.8096500300150037,
    0.8424764092899704,
    0.7384931804147309,
    0.8166029245601218,
    0.8297407088985839,
    0.8074928134023985,
    0.7659150643162524,
    0.7487729185986627,
    0.8377090537541445,
    0.8238940207492327,
    0.8509363481277638,
    0.8489744573825749,
    0.8745722957190664,
    0.8750791310256197,
    0.8725057280547754,
    0.8806612005942395,
    0.8543693830855291,
    0.8420584693698755,
    0.8379137311587899,
    0.8463007758487877,
    0.8452042012617141,
    0.7758614962968903,
    0.5288840739432924,
    0.6090190928922233,
    0.3442515337706114,
    0.7889030650728311,
    0.7950487855539122,
    0.7901549028156633,
    0.8113949168262602,
    0.7261191739781334,
    0.7168819480862179,
    0.800138863890604,
    0.7896282636134847,
    0.805746869844515,
    0.6820639170245771,
    0.5653839661424854,
    0.7245842642532375,
    0.7931077580717799,
    0.8435861681619014,
    0.8404653198636197,
    0.8410441722818266,
    0.8517287811442597,
    0.8433785607606636,
    0.8495017487706673,
    0.7951706636917386,
    0.774778252441166,
    0.5015187049285068,
    0.6279974897524584,
    0.6007495919958702,
    0.617026294167461,
    0.6191226398840352,
    0.5900217944062144
  ],
  "iou_roof_mean": 0.6276018987450501,
  "iou_wall_mean": 0.8082131752962178,
  "iou_ground_mean": 0.8729613897435544
}